run_id,iteration,repo,file_count,git_ms,purr_ms,timestamp
20260604_233255,1,/Drive2/Coding_Skills/Learning/Golang/prometheus,1619,269,157,2026-06-04T23:32:55
20260604_233255,2,/Drive2/Coding_Skills/Learning/Golang/prometheus,1619,271,144,2026-06-04T23:32:56
20260604_233255,3,/Drive2/Coding_Skills/Learning/Golang/prometheus,1619,293,152,2026-06-04T23:32:56
20260604_233255,4,/Drive2/Coding_Skills/Learning/Golang/prometheus,1619,275,144,2026-06-04T23:32:56
20260604_233255,5,/Drive2/Coding_Skills/Learning/Golang/prometheus,1619,291,148,2026-06-04T23:32:57
20260604_233255,6,/Drive2/Coding_Skills/Learning/Golang/prometheus,1619,284,150,2026-06-04T23:32:57
20260604_233255,7,/Drive2/Coding_Skills/Learning/Golang/prometheus,1619,279,149,2026-06-04T23:32:58
20260604_233255,8,/Drive2/Coding_Skills/Learning/Golang/prometheus,1619,283,152,2026-06-04T23:32:58
20260604_233255,9,/Drive2/Coding_Skills/Learning/Golang/prometheus,1619,282,152,2026-06-04T23:32:59
20260604_233255,10,/Drive2/Coding_Skills/Learning/Golang/prometheus,1619,279,146,2026-06-04T23:32:59
20260604_233255,11,/Drive2/Coding_Skills/Learning/Golang/prometheus,1619,281,156,2026-06-04T23:33:00
20260604_233255,12,/Drive2/Coding_Skills/Learning/Golang/prometheus,1619,304,148,2026-06-04T23:33:00
20260604_233255,13,/Drive2/Coding_Skills/Learning/Golang/prometheus,1619,280,155,2026-06-04T23:33:01
20260604_233255,14,/Drive2/Coding_Skills/Learning/Golang/prometheus,1619,279,156,2026-06-04T23:33:01
20260604_233255,15,/Drive2/Coding_Skills/Learning/Golang/prometheus,1619,297,147,2026-06-04T23:33:02
20260604_233255,16,/Drive2/Coding_Skills/Learning/Golang/prometheus,1619,300,150,2026-06-04T23:33:02
20260604_233255,17,/Drive2/Coding_Skills/Learning/Golang/prometheus,1619,297,150,2026-06-04T23:33:03
20260604_233255,18,/Drive2/Coding_Skills/Learning/Golang/prometheus,1619,278,149,2026-06-04T23:33:03
20260604_233255,19,/Drive2/Coding_Skills/Learning/Golang/prometheus,1619,279,150,2026-06-04T23:33:03
20260604_233255,20,/Drive2/Coding_Skills/Learning/Golang/prometheus,1619,299,158,2026-06-04T23:33:04
20260604_233255,21,/Drive2/Coding_Skills/Learning/Golang/prometheus,1619,272,150,2026-06-04T23:33:04
20260604_233255,22,/Drive2/Coding_Skills/Learning/Golang/prometheus,1619,295,148,2026-06-04T23:33:05
20260604_233255,23,/Drive2/Coding_Skills/Learning/Golang/prometheus,1619,302,149,2026-06-04T23:33:05
20260604_233255,24,/Drive2/Coding_Skills/Learning/Golang/prometheus,1619,270,153,2026-06-04T23:33:06
20260604_233255,25,/Drive2/Coding_Skills/Learning/Golang/prometheus,1619,302,141,2026-06-04T23:33:06
20260604_233255,26,/Drive2/Coding_Skills/Learning/Golang/prometheus,1619,285,152,2026-06-04T23:33:07
20260604_233255,27,/Drive2/Coding_Skills/Learning/Golang/prometheus,1619,304,151,2026-06-04T23:33:07
20260604_233255,28,/Drive2/Coding_Skills/Learning/Golang/prometheus,1619,283,143,2026-06-04T23:33:08
20260604_233255,29,/Drive2/Coding_Skills/Learning/Golang/prometheus,1619,279,138,2026-06-04T23:33:08
20260604_233255,30,/Drive2/Coding_Skills/Learning/Golang/prometheus,1619,287,145,2026-06-04T23:33:09
20260604_233255,31,/Drive2/Coding_Skills/Learning/Golang/prometheus,1619,278,146,2026-06-04T23:33:09
20260604_233255,32,/Drive2/Coding_Skills/Learning/Golang/prometheus,1619,282,153,2026-06-04T23:33:10
20260604_233255,33,/Drive2/Coding_Skills/Learning/Golang/prometheus,1619,282,151,2026-06-04T23:33:10
20260604_233255,34,/Drive2/Coding_Skills/Learning/Golang/prometheus,1619,282,153,2026-06-04T23:33:10
20260604_233255,35,/Drive2/Coding_Skills/Learning/Golang/prometheus,1619,291,154,2026-06-04T23:33:11
20260604_233255,36,/Drive2/Coding_Skills/Learning/Golang/prometheus,1619,293,151,2026-06-04T23:33:11
20260604_233255,37,/Drive2/Coding_Skills/Learning/Golang/prometheus,1619,284,160,2026-06-04T23:33:12
20260604_233255,38,/Drive2/Coding_Skills/Learning/Golang/prometheus,1619,281,157,2026-06-04T23:33:12
20260604_233255,39,/Drive2/Coding_Skills/Learning/Golang/prometheus,1619,280,152,2026-06-04T23:33:13
20260604_233255,40,/Drive2/Coding_Skills/Learning/Golang/prometheus,1619,301,155,2026-06-04T23:33:13
20260604_233255,41,/Drive2/Coding_Skills/Learning/Golang/prometheus,1619,273,140,2026-06-04T23:33:14
20260604_233255,42,/Drive2/Coding_Skills/Learning/Golang/prometheus,1619,282,150,2026-06-04T23:33:14
20260604_233255,43,/Drive2/Coding_Skills/Learning/Golang/prometheus,1619,305,150,2026-06-04T23:33:15
20260604_233255,44,/Drive2/Coding_Skills/Learning/Golang/prometheus,1619,281,158,2026-06-04T23:33:15
20260604_233255,45,/Drive2/Coding_Skills/Learning/Golang/prometheus,1619,283,152,2026-06-04T23:33:16
20260604_233255,46,/Drive2/Coding_Skills/Learning/Golang/prometheus,1619,290,153,2026-06-04T23:33:16
20260604_233255,47,/Drive2/Coding_Skills/Learning/Golang/prometheus,1619,305,148,2026-06-04T23:33:17
20260604_233255,48,/Drive2/Coding_Skills/Learning/Golang/prometheus,1619,308,150,2026-06-04T23:33:17
20260604_233255,49,/Drive2/Coding_Skills/Learning/Golang/prometheus,1619,302,150,2026-06-04T23:33:18
20260604_233255,50,/Drive2/Coding_Skills/Learning/Golang/prometheus,1619,295,141,2026-06-04T23:33:18
20260604_233255,51,/Drive2/Coding_Skills/Learning/Golang/prometheus,1619,299,173,2026-06-04T23:33:19
20260604_233255,52,/Drive2/Coding_Skills/Learning/Golang/prometheus,1619,290,149,2026-06-04T23:33:19
20260604_233255,53,/Drive2/Coding_Skills/Learning/Golang/prometheus,1619,279,143,2026-06-04T23:33:19
20260604_233255,54,/Drive2/Coding_Skills/Learning/Golang/prometheus,1619,286,150,2026-06-04T23:33:20
20260604_233255,55,/Drive2/Coding_Skills/Learning/Golang/prometheus,1619,288,155,2026-06-04T23:33:20
20260604_233255,56,/Drive2/Coding_Skills/Learning/Golang/prometheus,1619,310,156,2026-06-04T23:33:21
20260604_233255,57,/Drive2/Coding_Skills/Learning/Golang/prometheus,1619,303,146,2026-06-04T23:33:21
20260604_233255,58,/Drive2/Coding_Skills/Learning/Golang/prometheus,1619,289,152,2026-06-04T23:33:22
20260604_233255,59,/Drive2/Coding_Skills/Learning/Golang/prometheus,1619,309,157,2026-06-04T23:33:22
20260604_233255,60,/Drive2/Coding_Skills/Learning/Golang/prometheus,1619,284,151,2026-06-04T23:33:23
20260604_233255,61,/Drive2/Coding_Skills/Learning/Golang/prometheus,1619,310,158,2026-06-04T23:33:23
20260604_233255,62,/Drive2/Coding_Skills/Learning/Golang/prometheus,1619,285,156,2026-06-04T23:33:24
20260604_233255,63,/Drive2/Coding_Skills/Learning/Golang/prometheus,1619,316,162,2026-06-04T23:33:24
20260604_233255,64,/Drive2/Coding_Skills/Learning/Golang/prometheus,1619,307,163,2026-06-04T23:33:25
20260604_233255,65,/Drive2/Coding_Skills/Learning/Golang/prometheus,1619,284,149,2026-06-04T23:33:25
20260604_233255,66,/Drive2/Coding_Skills/Learning/Golang/prometheus,1619,321,162,2026-06-04T23:33:26
20260604_233255,67,/Drive2/Coding_Skills/Learning/Golang/prometheus,1619,291,162,2026-06-04T23:33:26
20260604_233255,68,/Drive2/Coding_Skills/Learning/Golang/prometheus,1619,312,153,2026-06-04T23:33:27
20260604_233255,69,/Drive2/Coding_Skills/Learning/Golang/prometheus,1619,314,155,2026-06-04T23:33:27
20260604_233255,70,/Drive2/Coding_Skills/Learning/Golang/prometheus,1619,312,148,2026-06-04T23:33:28
20260604_233255,71,/Drive2/Coding_Skills/Learning/Golang/prometheus,1619,312,159,2026-06-04T23:33:28
20260604_233255,72,/Drive2/Coding_Skills/Learning/Golang/prometheus,1619,303,164,2026-06-04T23:33:29
20260604_233255,73,/Drive2/Coding_Skills/Learning/Golang/prometheus,1619,326,160,2026-06-04T23:33:29
20260604_233255,74,/Drive2/Coding_Skills/Learning/Golang/prometheus,1619,283,156,2026-06-04T23:33:30
20260604_233255,75,/Drive2/Coding_Skills/Learning/Golang/prometheus,1619,303,154,2026-06-04T23:33:30
20260604_233255,76,/Drive2/Coding_Skills/Learning/Golang/prometheus,1619,300,164,2026-06-04T23:33:31
20260604_233255,77,/Drive2/Coding_Skills/Learning/Golang/prometheus,1619,320,153,2026-06-04T23:33:31
20260604_233255,78,/Drive2/Coding_Skills/Learning/Golang/prometheus,1619,291,152,2026-06-04T23:33:32
20260604_233255,79,/Drive2/Coding_Skills/Learning/Golang/prometheus,1619,290,153,2026-06-04T23:33:32
20260604_233255,80,/Drive2/Coding_Skills/Learning/Golang/prometheus,1619,292,169,2026-06-04T23:33:33
20260604_233255,81,/Drive2/Coding_Skills/Learning/Golang/prometheus,1619,305,164,2026-06-04T23:33:33
20260604_233255,82,/Drive2/Coding_Skills/Learning/Golang/prometheus,1619,295,178,2026-06-04T23:33:34
20260604_233255,83,/Drive2/Coding_Skills/Learning/Golang/prometheus,1619,299,172,2026-06-04T23:33:34
20260604_233255,84,/Drive2/Coding_Skills/Learning/Golang/prometheus,1619,306,166,2026-06-04T23:33:35
20260604_233255,85,/Drive2/Coding_Skills/Learning/Golang/prometheus,1619,301,149,2026-06-04T23:33:35
20260604_233255,86,/Drive2/Coding_Skills/Learning/Golang/prometheus,1619,290,161,2026-06-04T23:33:36
20260604_233255,87,/Drive2/Coding_Skills/Learning/Golang/prometheus,1619,301,150,2026-06-04T23:33:36
20260604_233255,88,/Drive2/Coding_Skills/Learning/Golang/prometheus,1619,293,178,2026-06-04T23:33:37
20260604_233255,89,/Drive2/Coding_Skills/Learning/Golang/prometheus,1619,330,173,2026-06-04T23:33:37
20260604_233255,90,/Drive2/Coding_Skills/Learning/Golang/prometheus,1619,288,162,2026-06-04T23:33:38
20260604_233255,91,/Drive2/Coding_Skills/Learning/Golang/prometheus,1619,288,151,2026-06-04T23:33:38
20260604_233255,92,/Drive2/Coding_Skills/Learning/Golang/prometheus,1619,285,157,2026-06-04T23:33:39
20260604_233255,93,/Drive2/Coding_Skills/Learning/Golang/prometheus,1619,284,146,2026-06-04T23:33:39
20260604_233255,94,/Drive2/Coding_Skills/Learning/Golang/prometheus,1619,309,163,2026-06-04T23:33:40
20260604_233255,95,/Drive2/Coding_Skills/Learning/Golang/prometheus,1619,323,156,2026-06-04T23:33:40
20260604_233255,96,/Drive2/Coding_Skills/Learning/Golang/prometheus,1619,304,154,2026-06-04T23:33:41
20260604_233255,97,/Drive2/Coding_Skills/Learning/Golang/prometheus,1619,283,153,2026-06-04T23:33:41
20260604_233255,98,/Drive2/Coding_Skills/Learning/Golang/prometheus,1619,313,155,2026-06-04T23:33:42
20260604_233255,99,/Drive2/Coding_Skills/Learning/Golang/prometheus,1619,286,146,2026-06-04T23:33:42
20260604_233255,100,/Drive2/Coding_Skills/Learning/Golang/prometheus,1619,287,162,2026-06-04T23:33:42
20260604_233255,101,/Drive2/Coding_Skills/Learning/Golang/prometheus,1619,327,161,2026-06-04T23:33:43
20260604_233255,102,/Drive2/Coding_Skills/Learning/Golang/prometheus,1619,310,173,2026-06-04T23:33:43
20260604_233255,103,/Drive2/Coding_Skills/Learning/Golang/prometheus,1619,300,197,2026-06-04T23:33:44
20260604_233255,104,/Drive2/Coding_Skills/Learning/Golang/prometheus,1619,291,158,2026-06-04T23:33:45
20260604_233255,105,/Drive2/Coding_Skills/Learning/Golang/prometheus,1619,333,163,2026-06-04T23:33:45
20260604_233255,106,/Drive2/Coding_Skills/Learning/Golang/prometheus,1619,306,166,2026-06-04T23:33:46
20260604_233255,107,/Drive2/Coding_Skills/Learning/Golang/prometheus,1619,311,160,2026-06-04T23:33:46
20260604_233255,108,/Drive2/Coding_Skills/Learning/Golang/prometheus,1619,310,168,2026-06-04T23:33:47
20260604_233255,109,/Drive2/Coding_Skills/Learning/Golang/prometheus,1619,337,171,2026-06-04T23:33:47
20260604_233255,110,/Drive2/Coding_Skills/Learning/Golang/prometheus,1619,315,177,2026-06-04T23:33:48
20260604_233255,111,/Drive2/Coding_Skills/Learning/Golang/prometheus,1619,314,175,2026-06-04T23:33:48
20260604_233255,112,/Drive2/Coding_Skills/Learning/Golang/prometheus,1619,347,176,2026-06-04T23:33:49
20260604_233255,113,/Drive2/Coding_Skills/Learning/Golang/prometheus,1619,308,158,2026-06-04T23:33:49
20260604_233255,114,/Drive2/Coding_Skills/Learning/Golang/prometheus,1619,299,160,2026-06-04T23:33:50
20260604_233255,115,/Drive2/Coding_Skills/Learning/Golang/prometheus,1619,315,149,2026-06-04T23:33:50
20260604_233255,116,/Drive2/Coding_Skills/Learning/Golang/prometheus,1619,318,153,2026-06-04T23:33:51
20260604_233255,117,/Drive2/Coding_Skills/Learning/Golang/prometheus,1619,294,158,2026-06-04T23:33:51
20260604_233255,118,/Drive2/Coding_Skills/Learning/Golang/prometheus,1619,324,153,2026-06-04T23:33:52
20260604_233255,119,/Drive2/Coding_Skills/Learning/Golang/prometheus,1619,315,160,2026-06-04T23:33:52
20260604_233255,120,/Drive2/Coding_Skills/Learning/Golang/prometheus,1619,316,152,2026-06-04T23:33:53
20260604_233255,121,/Drive2/Coding_Skills/Learning/Golang/prometheus,1619,318,151,2026-06-04T23:33:53
20260604_233255,122,/Drive2/Coding_Skills/Learning/Golang/prometheus,1619,293,157,2026-06-04T23:33:54
20260604_233255,123,/Drive2/Coding_Skills/Learning/Golang/prometheus,1619,291,157,2026-06-04T23:33:54
20260604_233255,124,/Drive2/Coding_Skills/Learning/Golang/prometheus,1619,289,150,2026-06-04T23:33:55
20260604_233255,125,/Drive2/Coding_Skills/Learning/Golang/prometheus,1619,315,155,2026-06-04T23:33:55
20260604_233255,126,/Drive2/Coding_Skills/Learning/Golang/prometheus,1619,294,159,2026-06-04T23:33:56
20260604_233255,127,/Drive2/Coding_Skills/Learning/Golang/prometheus,1619,289,152,2026-06-04T23:33:56
20260604_233255,128,/Drive2/Coding_Skills/Learning/Golang/prometheus,1619,288,152,2026-06-04T23:33:57
20260604_233255,129,/Drive2/Coding_Skills/Learning/Golang/prometheus,1619,292,149,2026-06-04T23:33:57
20260604_233255,130,/Drive2/Coding_Skills/Learning/Golang/prometheus,1619,317,164,2026-06-04T23:33:58
20260604_233255,131,/Drive2/Coding_Skills/Learning/Golang/prometheus,1619,291,145,2026-06-04T23:33:58
20260604_233255,132,/Drive2/Coding_Skills/Learning/Golang/prometheus,1619,313,147,2026-06-04T23:33:58
20260604_233255,133,/Drive2/Coding_Skills/Learning/Golang/prometheus,1619,292,156,2026-06-04T23:33:59
20260604_233255,134,/Drive2/Coding_Skills/Learning/Golang/prometheus,1619,318,155,2026-06-04T23:33:59
20260604_233255,135,/Drive2/Coding_Skills/Learning/Golang/prometheus,1619,308,162,2026-06-04T23:34:00
20260604_233255,136,/Drive2/Coding_Skills/Learning/Golang/prometheus,1619,294,157,2026-06-04T23:34:00
20260604_233255,137,/Drive2/Coding_Skills/Learning/Golang/prometheus,1619,291,155,2026-06-04T23:34:01
20260604_233255,138,/Drive2/Coding_Skills/Learning/Golang/prometheus,1619,290,149,2026-06-04T23:34:01
20260604_233255,139,/Drive2/Coding_Skills/Learning/Golang/prometheus,1619,288,150,2026-06-04T23:34:02
20260604_233255,140,/Drive2/Coding_Skills/Learning/Golang/prometheus,1619,290,155,2026-06-04T23:34:02
20260604_233255,141,/Drive2/Coding_Skills/Learning/Golang/prometheus,1619,319,152,2026-06-04T23:34:03
20260604_233255,142,/Drive2/Coding_Skills/Learning/Golang/prometheus,1619,305,154,2026-06-04T23:34:03
20260604_233255,143,/Drive2/Coding_Skills/Learning/Golang/prometheus,1619,311,152,2026-06-04T23:34:04
20260604_233255,144,/Drive2/Coding_Skills/Learning/Golang/prometheus,1619,290,154,2026-06-04T23:34:04
20260604_233255,145,/Drive2/Coding_Skills/Learning/Golang/prometheus,1619,309,153,2026-06-04T23:34:05
20260604_233255,146,/Drive2/Coding_Skills/Learning/Golang/prometheus,1619,287,151,2026-06-04T23:34:05
20260604_233255,147,/Drive2/Coding_Skills/Learning/Golang/prometheus,1619,311,157,2026-06-04T23:34:06
20260604_233255,148,/Drive2/Coding_Skills/Learning/Golang/prometheus,1619,316,151,2026-06-04T23:34:06
20260604_233255,149,/Drive2/Coding_Skills/Learning/Golang/prometheus,1619,303,149,2026-06-04T23:34:07
20260604_233255,150,/Drive2/Coding_Skills/Learning/Golang/prometheus,1619,314,147,2026-06-04T23:34:07
20260604_233255,151,/Drive2/Coding_Skills/Learning/Golang/prometheus,1619,283,148,2026-06-04T23:34:08
20260604_233255,152,/Drive2/Coding_Skills/Learning/Golang/prometheus,1619,283,154,2026-06-04T23:34:08
20260604_233255,153,/Drive2/Coding_Skills/Learning/Golang/prometheus,1619,284,142,2026-06-04T23:34:09
20260604_233255,154,/Drive2/Coding_Skills/Learning/Golang/prometheus,1619,304,155,2026-06-04T23:34:09
20260604_233255,155,/Drive2/Coding_Skills/Learning/Golang/prometheus,1619,287,157,2026-06-04T23:34:10
20260604_233255,156,/Drive2/Coding_Skills/Learning/Golang/prometheus,1619,288,154,2026-06-04T23:34:10
20260604_233255,157,/Drive2/Coding_Skills/Learning/Golang/prometheus,1619,315,152,2026-06-04T23:34:11
20260604_233255,158,/Drive2/Coding_Skills/Learning/Golang/prometheus,1619,312,145,2026-06-04T23:34:11
20260604_233255,159,/Drive2/Coding_Skills/Learning/Golang/prometheus,1619,310,160,2026-06-04T23:34:12
20260604_233255,160,/Drive2/Coding_Skills/Learning/Golang/prometheus,1619,295,165,2026-06-04T23:34:12
20260604_233255,161,/Drive2/Coding_Skills/Learning/Golang/prometheus,1619,317,164,2026-06-04T23:34:13
20260604_233255,162,/Drive2/Coding_Skills/Learning/Golang/prometheus,1619,286,153,2026-06-04T23:34:13
20260604_233255,163,/Drive2/Coding_Skills/Learning/Golang/prometheus,1619,300,158,2026-06-04T23:34:14
20260604_233255,164,/Drive2/Coding_Skills/Learning/Golang/prometheus,1619,295,152,2026-06-04T23:34:14
20260604_233255,165,/Drive2/Coding_Skills/Learning/Golang/prometheus,1619,292,159,2026-06-04T23:34:14
20260604_233255,166,/Drive2/Coding_Skills/Learning/Golang/prometheus,1619,288,158,2026-06-04T23:34:15
20260604_233255,167,/Drive2/Coding_Skills/Learning/Golang/prometheus,1619,300,155,2026-06-04T23:34:15
20260604_233255,168,/Drive2/Coding_Skills/Learning/Golang/prometheus,1619,303,159,2026-06-04T23:34:16
20260604_233255,169,/Drive2/Coding_Skills/Learning/Golang/prometheus,1619,289,151,2026-06-04T23:34:16
20260604_233255,170,/Drive2/Coding_Skills/Learning/Golang/prometheus,1619,290,158,2026-06-04T23:34:17
20260604_233255,171,/Drive2/Coding_Skills/Learning/Golang/prometheus,1619,287,156,2026-06-04T23:34:17
20260604_233255,172,/Drive2/Coding_Skills/Learning/Golang/prometheus,1619,309,154,2026-06-04T23:34:18
20260604_233255,173,/Drive2/Coding_Skills/Learning/Golang/prometheus,1619,296,151,2026-06-04T23:34:18
20260604_233255,174,/Drive2/Coding_Skills/Learning/Golang/prometheus,1619,288,149,2026-06-04T23:34:19
20260604_233255,175,/Drive2/Coding_Skills/Learning/Golang/prometheus,1619,311,152,2026-06-04T23:34:19
20260604_233255,176,/Drive2/Coding_Skills/Learning/Golang/prometheus,1619,313,146,2026-06-04T23:34:20
20260604_233255,177,/Drive2/Coding_Skills/Learning/Golang/prometheus,1619,288,162,2026-06-04T23:34:20
20260604_233255,178,/Drive2/Coding_Skills/Learning/Golang/prometheus,1619,284,149,2026-06-04T23:34:21
20260604_233255,179,/Drive2/Coding_Skills/Learning/Golang/prometheus,1619,287,151,2026-06-04T23:34:21
20260604_233255,180,/Drive2/Coding_Skills/Learning/Golang/prometheus,1619,302,150,2026-06-04T23:34:22
20260604_233255,181,/Drive2/Coding_Skills/Learning/Golang/prometheus,1619,310,153,2026-06-04T23:34:22
20260604_233255,182,/Drive2/Coding_Skills/Learning/Golang/prometheus,1619,280,151,2026-06-04T23:34:23
20260604_233255,183,/Drive2/Coding_Skills/Learning/Golang/prometheus,1619,299,154,2026-06-04T23:34:23
20260604_233255,184,/Drive2/Coding_Skills/Learning/Golang/prometheus,1619,282,147,2026-06-04T23:34:24
20260604_233255,185,/Drive2/Coding_Skills/Learning/Golang/prometheus,1619,294,151,2026-06-04T23:34:24
20260604_233255,186,/Drive2/Coding_Skills/Learning/Golang/prometheus,1619,281,155,2026-06-04T23:34:25
20260604_233255,187,/Drive2/Coding_Skills/Learning/Golang/prometheus,1619,296,147,2026-06-04T23:34:25
20260604_233255,188,/Drive2/Coding_Skills/Learning/Golang/prometheus,1619,280,147,2026-06-04T23:34:25
20260604_233255,189,/Drive2/Coding_Skills/Learning/Golang/prometheus,1619,292,149,2026-06-04T23:34:26
20260604_233255,190,/Drive2/Coding_Skills/Learning/Golang/prometheus,1619,298,141,2026-06-04T23:34:26
20260604_233255,191,/Drive2/Coding_Skills/Learning/Golang/prometheus,1619,310,158,2026-06-04T23:34:27
20260604_233255,192,/Drive2/Coding_Skills/Learning/Golang/prometheus,1619,277,143,2026-06-04T23:34:27
20260604_233255,193,/Drive2/Coding_Skills/Learning/Golang/prometheus,1619,279,145,2026-06-04T23:34:28
20260604_233255,194,/Drive2/Coding_Skills/Learning/Golang/prometheus,1619,284,151,2026-06-04T23:34:28
20260604_233255,195,/Drive2/Coding_Skills/Learning/Golang/prometheus,1619,301,157,2026-06-04T23:34:29
20260604_233255,196,/Drive2/Coding_Skills/Learning/Golang/prometheus,1619,304,152,2026-06-04T23:34:29
20260604_233255,197,/Drive2/Coding_Skills/Learning/Golang/prometheus,1619,305,154,2026-06-04T23:34:30
20260604_233255,198,/Drive2/Coding_Skills/Learning/Golang/prometheus,1619,301,161,2026-06-04T23:34:30
20260604_233255,199,/Drive2/Coding_Skills/Learning/Golang/prometheus,1619,278,156,2026-06-04T23:34:31
20260604_233255,200,/Drive2/Coding_Skills/Learning/Golang/prometheus,1619,285,148,2026-06-04T23:34:31
20260604_233255,201,/Drive2/Coding_Skills/Learning/Golang/prometheus,1619,296,153,2026-06-04T23:34:32
20260604_233255,202,/Drive2/Coding_Skills/Learning/Golang/prometheus,1619,293,163,2026-06-04T23:34:32
20260604_233255,203,/Drive2/Coding_Skills/Learning/Golang/prometheus,1619,295,162,2026-06-04T23:34:33
20260604_233255,204,/Drive2/Coding_Skills/Learning/Golang/prometheus,1619,304,143,2026-06-04T23:34:33
20260604_233255,205,/Drive2/Coding_Skills/Learning/Golang/prometheus,1619,285,153,2026-06-04T23:34:34
20260604_233255,206,/Drive2/Coding_Skills/Learning/Golang/prometheus,1619,280,154,2026-06-04T23:34:34
20260604_233255,207,/Drive2/Coding_Skills/Learning/Golang/prometheus,1619,283,149,2026-06-04T23:34:35
20260604_233255,208,/Drive2/Coding_Skills/Learning/Golang/prometheus,1619,311,148,2026-06-04T23:34:35
20260604_233255,209,/Drive2/Coding_Skills/Learning/Golang/prometheus,1619,284,144,2026-06-04T23:34:35
20260604_233255,210,/Drive2/Coding_Skills/Learning/Golang/prometheus,1619,307,153,2026-06-04T23:34:36
20260604_233255,211,/Drive2/Coding_Skills/Learning/Golang/prometheus,1619,306,163,2026-06-04T23:34:36
20260604_233255,212,/Drive2/Coding_Skills/Learning/Golang/prometheus,1619,298,154,2026-06-04T23:34:37
20260604_233255,213,/Drive2/Coding_Skills/Learning/Golang/prometheus,1619,276,150,2026-06-04T23:34:37
20260604_233255,214,/Drive2/Coding_Skills/Learning/Golang/prometheus,1619,285,155,2026-06-04T23:34:38
20260604_233255,215,/Drive2/Coding_Skills/Learning/Golang/prometheus,1619,285,151,2026-06-04T23:34:38
20260604_233255,216,/Drive2/Coding_Skills/Learning/Golang/prometheus,1619,280,153,2026-06-04T23:34:39
20260604_233255,217,/Drive2/Coding_Skills/Learning/Golang/prometheus,1619,285,147,2026-06-04T23:34:39
20260604_233255,218,/Drive2/Coding_Skills/Learning/Golang/prometheus,1619,284,155,2026-06-04T23:34:40
20260604_233255,219,/Drive2/Coding_Skills/Learning/Golang/prometheus,1619,307,151,2026-06-04T23:34:40
20260604_233255,220,/Drive2/Coding_Skills/Learning/Golang/prometheus,1619,279,154,2026-06-04T23:34:41
20260604_233255,221,/Drive2/Coding_Skills/Learning/Golang/prometheus,1619,315,153,2026-06-04T23:34:41
20260604_233255,222,/Drive2/Coding_Skills/Learning/Golang/prometheus,1619,301,151,2026-06-04T23:34:42
20260604_233255,223,/Drive2/Coding_Skills/Learning/Golang/prometheus,1619,277,146,2026-06-04T23:34:42
20260604_233255,224,/Drive2/Coding_Skills/Learning/Golang/prometheus,1619,282,159,2026-06-04T23:34:43
20260604_233255,225,/Drive2/Coding_Skills/Learning/Golang/prometheus,1619,281,146,2026-06-04T23:34:43
20260604_233255,226,/Drive2/Coding_Skills/Learning/Golang/prometheus,1619,286,146,2026-06-04T23:34:43
20260604_233255,227,/Drive2/Coding_Skills/Learning/Golang/prometheus,1619,279,154,2026-06-04T23:34:44
20260604_233255,228,/Drive2/Coding_Skills/Learning/Golang/prometheus,1619,284,152,2026-06-04T23:34:44
20260604_233255,229,/Drive2/Coding_Skills/Learning/Golang/prometheus,1619,280,148,2026-06-04T23:34:45
20260604_233255,230,/Drive2/Coding_Skills/Learning/Golang/prometheus,1619,276,156,2026-06-04T23:34:45
20260604_233255,231,/Drive2/Coding_Skills/Learning/Golang/prometheus,1619,292,153,2026-06-04T23:34:46
20260604_233255,232,/Drive2/Coding_Skills/Learning/Golang/prometheus,1619,296,148,2026-06-04T23:34:46
20260604_233255,233,/Drive2/Coding_Skills/Learning/Golang/prometheus,1619,300,151,2026-06-04T23:34:47
20260604_233255,234,/Drive2/Coding_Skills/Learning/Golang/prometheus,1619,277,144,2026-06-04T23:34:47
20260604_233255,235,/Drive2/Coding_Skills/Learning/Golang/prometheus,1619,300,144,2026-06-04T23:34:48
20260604_233255,236,/Drive2/Coding_Skills/Learning/Golang/prometheus,1619,300,146,2026-06-04T23:34:48
20260604_233255,237,/Drive2/Coding_Skills/Learning/Golang/prometheus,1619,284,153,2026-06-04T23:34:49
20260604_233255,238,/Drive2/Coding_Skills/Learning/Golang/prometheus,1619,280,141,2026-06-04T23:34:49
20260604_233255,239,/Drive2/Coding_Skills/Learning/Golang/prometheus,1619,275,152,2026-06-04T23:34:50
20260604_233255,240,/Drive2/Coding_Skills/Learning/Golang/prometheus,1619,285,163,2026-06-04T23:34:50
20260604_233255,241,/Drive2/Coding_Skills/Learning/Golang/prometheus,1619,295,144,2026-06-04T23:34:50
20260604_233255,242,/Drive2/Coding_Skills/Learning/Golang/prometheus,1619,291,151,2026-06-04T23:34:51
20260604_233255,243,/Drive2/Coding_Skills/Learning/Golang/prometheus,1619,277,139,2026-06-04T23:34:51
20260604_233255,244,/Drive2/Coding_Skills/Learning/Golang/prometheus,1619,295,164,2026-06-04T23:34:52
20260604_233255,245,/Drive2/Coding_Skills/Learning/Golang/prometheus,1619,292,146,2026-06-04T23:34:52
20260604_233255,246,/Drive2/Coding_Skills/Learning/Golang/prometheus,1619,291,155,2026-06-04T23:34:53
20260604_233255,247,/Drive2/Coding_Skills/Learning/Golang/prometheus,1619,293,147,2026-06-04T23:34:53
20260604_233255,248,/Drive2/Coding_Skills/Learning/Golang/prometheus,1619,296,154,2026-06-04T23:34:54
20260604_233255,249,/Drive2/Coding_Skills/Learning/Golang/prometheus,1619,278,149,2026-06-04T23:34:54
20260604_233255,250,/Drive2/Coding_Skills/Learning/Golang/prometheus,1619,288,150,2026-06-04T23:34:55
20260604_233255,251,/Drive2/Coding_Skills/Learning/Golang/prometheus,1619,305,143,2026-06-04T23:34:55
20260604_233255,252,/Drive2/Coding_Skills/Learning/Golang/prometheus,1619,276,143,2026-06-04T23:34:56
20260604_233255,253,/Drive2/Coding_Skills/Learning/Golang/prometheus,1619,290,146,2026-06-04T23:34:56
20260604_233255,254,/Drive2/Coding_Skills/Learning/Golang/prometheus,1619,291,155,2026-06-04T23:34:57
20260604_233255,255,/Drive2/Coding_Skills/Learning/Golang/prometheus,1619,273,140,2026-06-04T23:34:57
20260604_233255,256,/Drive2/Coding_Skills/Learning/Golang/prometheus,1619,292,149,2026-06-04T23:34:58
20260604_233255,257,/Drive2/Coding_Skills/Learning/Golang/prometheus,1619,277,142,2026-06-04T23:34:58
20260604_233255,258,/Drive2/Coding_Skills/Learning/Golang/prometheus,1619,279,157,2026-06-04T23:34:58
20260604_233255,259,/Drive2/Coding_Skills/Learning/Golang/prometheus,1619,294,153,2026-06-04T23:34:59
20260604_233255,260,/Drive2/Coding_Skills/Learning/Golang/prometheus,1619,279,155,2026-06-04T23:34:59
20260604_233255,261,/Drive2/Coding_Skills/Learning/Golang/prometheus,1619,306,151,2026-06-04T23:35:00
20260604_233255,262,/Drive2/Coding_Skills/Learning/Golang/prometheus,1619,303,151,2026-06-04T23:35:00
20260604_233255,263,/Drive2/Coding_Skills/Learning/Golang/prometheus,1619,277,152,2026-06-04T23:35:01
20260604_233255,264,/Drive2/Coding_Skills/Learning/Golang/prometheus,1619,297,149,2026-06-04T23:35:01
20260604_233255,265,/Drive2/Coding_Skills/Learning/Golang/prometheus,1619,277,154,2026-06-04T23:35:02
20260604_233255,266,/Drive2/Coding_Skills/Learning/Golang/prometheus,1619,275,144,2026-06-04T23:35:02
20260604_233255,267,/Drive2/Coding_Skills/Learning/Golang/prometheus,1619,294,154,2026-06-04T23:35:03
20260604_233255,268,/Drive2/Coding_Skills/Learning/Golang/prometheus,1619,302,148,2026-06-04T23:35:03
20260604_233255,269,/Drive2/Coding_Skills/Learning/Golang/prometheus,1619,297,145,2026-06-04T23:35:04
20260604_233255,270,/Drive2/Coding_Skills/Learning/Golang/prometheus,1619,302,144,2026-06-04T23:35:04
20260604_233255,271,/Drive2/Coding_Skills/Learning/Golang/prometheus,1619,295,152,2026-06-04T23:35:05
20260604_233255,272,/Drive2/Coding_Skills/Learning/Golang/prometheus,1619,288,153,2026-06-04T23:35:05
20260604_233255,273,/Drive2/Coding_Skills/Learning/Golang/prometheus,1619,277,151,2026-06-04T23:35:06
20260604_233255,274,/Drive2/Coding_Skills/Learning/Golang/prometheus,1619,281,145,2026-06-04T23:35:06
20260604_233255,275,/Drive2/Coding_Skills/Learning/Golang/prometheus,1619,295,148,2026-06-04T23:35:06
20260604_233255,276,/Drive2/Coding_Skills/Learning/Golang/prometheus,1619,282,149,2026-06-04T23:35:07
20260604_233255,277,/Drive2/Coding_Skills/Learning/Golang/prometheus,1619,277,149,2026-06-04T23:35:07
20260604_233255,278,/Drive2/Coding_Skills/Learning/Golang/prometheus,1619,276,156,2026-06-04T23:35:08
20260604_233255,279,/Drive2/Coding_Skills/Learning/Golang/prometheus,1619,274,147,2026-06-04T23:35:08
20260604_233255,280,/Drive2/Coding_Skills/Learning/Golang/prometheus,1619,276,148,2026-06-04T23:35:09
20260604_233255,281,/Drive2/Coding_Skills/Learning/Golang/prometheus,1619,273,146,2026-06-04T23:35:09
20260604_233255,282,/Drive2/Coding_Skills/Learning/Golang/prometheus,1619,275,149,2026-06-04T23:35:10
20260604_233255,283,/Drive2/Coding_Skills/Learning/Golang/prometheus,1619,298,144,2026-06-04T23:35:10
20260604_233255,284,/Drive2/Coding_Skills/Learning/Golang/prometheus,1619,303,145,2026-06-04T23:35:11
20260604_233255,285,/Drive2/Coding_Skills/Learning/Golang/prometheus,1619,297,145,2026-06-04T23:35:11
20260604_233255,286,/Drive2/Coding_Skills/Learning/Golang/prometheus,1619,292,160,2026-06-04T23:35:12
20260604_233255,287,/Drive2/Coding_Skills/Learning/Golang/prometheus,1619,272,139,2026-06-04T23:35:12
20260604_233255,288,/Drive2/Coding_Skills/Learning/Golang/prometheus,1619,278,141,2026-06-04T23:35:12
20260604_233255,289,/Drive2/Coding_Skills/Learning/Golang/prometheus,1619,282,149,2026-06-04T23:35:13
20260604_233255,290,/Drive2/Coding_Skills/Learning/Golang/prometheus,1619,291,142,2026-06-04T23:35:13
20260604_233255,291,/Drive2/Coding_Skills/Learning/Golang/prometheus,1619,275,151,2026-06-04T23:35:14
20260604_233255,292,/Drive2/Coding_Skills/Learning/Golang/prometheus,1619,277,154,2026-06-04T23:35:14
20260604_233255,293,/Drive2/Coding_Skills/Learning/Golang/prometheus,1619,267,152,2026-06-04T23:35:15
20260604_233255,294,/Drive2/Coding_Skills/Learning/Golang/prometheus,1619,305,146,2026-06-04T23:35:15
20260604_233255,295,/Drive2/Coding_Skills/Learning/Golang/prometheus,1619,275,149,2026-06-04T23:35:16
20260604_233255,296,/Drive2/Coding_Skills/Learning/Golang/prometheus,1619,293,152,2026-06-04T23:35:16
20260604_233255,297,/Drive2/Coding_Skills/Learning/Golang/prometheus,1619,298,149,2026-06-04T23:35:17
20260604_233255,298,/Drive2/Coding_Skills/Learning/Golang/prometheus,1619,298,148,2026-06-04T23:35:17
20260604_233255,299,/Drive2/Coding_Skills/Learning/Golang/prometheus,1619,299,150,2026-06-04T23:35:18
20260604_233255,300,/Drive2/Coding_Skills/Learning/Golang/prometheus,1619,275,151,2026-06-04T23:35:18
20260604_233255,301,/Drive2/Coding_Skills/Learning/Golang/prometheus,1619,269,149,2026-06-04T23:35:19
20260604_233255,302,/Drive2/Coding_Skills/Learning/Golang/prometheus,1619,275,142,2026-06-04T23:35:19
20260604_233255,303,/Drive2/Coding_Skills/Learning/Golang/prometheus,1619,275,146,2026-06-04T23:35:19
20260604_233255,304,/Drive2/Coding_Skills/Learning/Golang/prometheus,1619,273,151,2026-06-04T23:35:20
20260604_233255,305,/Drive2/Coding_Skills/Learning/Golang/prometheus,1619,278,142,2026-06-04T23:35:20
20260604_233255,306,/Drive2/Coding_Skills/Learning/Golang/prometheus,1619,275,145,2026-06-04T23:35:21
20260604_233255,307,/Drive2/Coding_Skills/Learning/Golang/prometheus,1619,273,141,2026-06-04T23:35:21
20260604_233255,308,/Drive2/Coding_Skills/Learning/Golang/prometheus,1619,270,147,2026-06-04T23:35:22
20260604_233255,309,/Drive2/Coding_Skills/Learning/Golang/prometheus,1619,281,151,2026-06-04T23:35:22
20260604_233255,310,/Drive2/Coding_Skills/Learning/Golang/prometheus,1619,278,145,2026-06-04T23:35:23
20260604_233255,311,/Drive2/Coding_Skills/Learning/Golang/prometheus,1619,281,153,2026-06-04T23:35:23
20260604_233255,312,/Drive2/Coding_Skills/Learning/Golang/prometheus,1619,294,148,2026-06-04T23:35:23
20260604_233255,313,/Drive2/Coding_Skills/Learning/Golang/prometheus,1619,293,148,2026-06-04T23:35:24
20260604_233255,314,/Drive2/Coding_Skills/Learning/Golang/prometheus,1619,280,146,2026-06-04T23:35:24
20260604_233255,315,/Drive2/Coding_Skills/Learning/Golang/prometheus,1619,273,154,2026-06-04T23:35:25
20260604_233255,316,/Drive2/Coding_Skills/Learning/Golang/prometheus,1619,280,146,2026-06-04T23:35:25
20260604_233255,317,/Drive2/Coding_Skills/Learning/Golang/prometheus,1619,298,149,2026-06-04T23:35:26
20260604_233255,318,/Drive2/Coding_Skills/Learning/Golang/prometheus,1619,275,147,2026-06-04T23:35:26
20260604_233255,319,/Drive2/Coding_Skills/Learning/Golang/prometheus,1619,298,151,2026-06-04T23:35:27
20260604_233255,320,/Drive2/Coding_Skills/Learning/Golang/prometheus,1619,284,153,2026-06-04T23:35:27
20260604_233255,321,/Drive2/Coding_Skills/Learning/Golang/prometheus,1619,299,151,2026-06-04T23:35:28
20260604_233255,322,/Drive2/Coding_Skills/Learning/Golang/prometheus,1619,295,145,2026-06-04T23:35:28
20260604_233255,323,/Drive2/Coding_Skills/Learning/Golang/prometheus,1619,281,144,2026-06-04T23:35:29
20260604_233255,324,/Drive2/Coding_Skills/Learning/Golang/prometheus,1619,277,145,2026-06-04T23:35:29
20260604_233255,325,/Drive2/Coding_Skills/Learning/Golang/prometheus,1619,298,145,2026-06-04T23:35:30
20260604_233255,326,/Drive2/Coding_Skills/Learning/Golang/prometheus,1619,273,152,2026-06-04T23:35:30
20260604_233255,327,/Drive2/Coding_Skills/Learning/Golang/prometheus,1619,300,154,2026-06-04T23:35:30
20260604_233255,328,/Drive2/Coding_Skills/Learning/Golang/prometheus,1619,276,149,2026-06-04T23:35:31
20260604_233255,329,/Drive2/Coding_Skills/Learning/Golang/prometheus,1619,273,147,2026-06-04T23:35:31
20260604_233255,330,/Drive2/Coding_Skills/Learning/Golang/prometheus,1619,294,149,2026-06-04T23:35:32
20260604_233255,331,/Drive2/Coding_Skills/Learning/Golang/prometheus,1619,273,144,2026-06-04T23:35:32
20260604_233255,332,/Drive2/Coding_Skills/Learning/Golang/prometheus,1619,279,157,2026-06-04T23:35:33
20260604_233255,333,/Drive2/Coding_Skills/Learning/Golang/prometheus,1619,295,148,2026-06-04T23:35:33
20260604_233255,334,/Drive2/Coding_Skills/Learning/Golang/prometheus,1619,289,144,2026-06-04T23:35:34
20260604_233255,335,/Drive2/Coding_Skills/Learning/Golang/prometheus,1619,296,151,2026-06-04T23:35:34
20260604_233255,336,/Drive2/Coding_Skills/Learning/Golang/prometheus,1619,290,143,2026-06-04T23:35:35
20260604_233255,337,/Drive2/Coding_Skills/Learning/Golang/prometheus,1619,274,153,2026-06-04T23:35:35
20260604_233255,338,/Drive2/Coding_Skills/Learning/Golang/prometheus,1619,276,136,2026-06-04T23:35:36
20260604_233255,339,/Drive2/Coding_Skills/Learning/Golang/prometheus,1619,287,145,2026-06-04T23:35:36
20260604_233255,340,/Drive2/Coding_Skills/Learning/Golang/prometheus,1619,289,145,2026-06-04T23:35:37
20260604_233255,341,/Drive2/Coding_Skills/Learning/Golang/prometheus,1619,275,138,2026-06-04T23:35:37
20260604_233255,342,/Drive2/Coding_Skills/Learning/Golang/prometheus,1619,269,150,2026-06-04T23:35:37
20260604_233255,343,/Drive2/Coding_Skills/Learning/Golang/prometheus,1619,275,150,2026-06-04T23:35:38
20260604_233255,344,/Drive2/Coding_Skills/Learning/Golang/prometheus,1619,287,151,2026-06-04T23:35:38
20260604_233255,345,/Drive2/Coding_Skills/Learning/Golang/prometheus,1619,298,147,2026-06-04T23:35:39
20260604_233255,346,/Drive2/Coding_Skills/Learning/Golang/prometheus,1619,273,143,2026-06-04T23:35:39
20260604_233255,347,/Drive2/Coding_Skills/Learning/Golang/prometheus,1619,291,151,2026-06-04T23:35:40
20260604_233255,348,/Drive2/Coding_Skills/Learning/Golang/prometheus,1619,285,150,2026-06-04T23:35:40
20260604_233255,349,/Drive2/Coding_Skills/Learning/Golang/prometheus,1619,287,144,2026-06-04T23:35:41
20260604_233255,350,/Drive2/Coding_Skills/Learning/Golang/prometheus,1619,274,146,2026-06-04T23:35:41
20260604_233255,351,/Drive2/Coding_Skills/Learning/Golang/prometheus,1619,292,152,2026-06-04T23:35:42
20260604_233255,352,/Drive2/Coding_Skills/Learning/Golang/prometheus,1619,273,142,2026-06-04T23:35:42
20260604_233255,353,/Drive2/Coding_Skills/Learning/Golang/prometheus,1619,277,141,2026-06-04T23:35:42
20260604_233255,354,/Drive2/Coding_Skills/Learning/Golang/prometheus,1619,276,151,2026-06-04T23:35:43
20260604_233255,355,/Drive2/Coding_Skills/Learning/Golang/prometheus,1619,295,149,2026-06-04T23:35:43
20260604_233255,356,/Drive2/Coding_Skills/Learning/Golang/prometheus,1619,276,149,2026-06-04T23:35:44
20260604_233255,357,/Drive2/Coding_Skills/Learning/Golang/prometheus,1619,287,148,2026-06-04T23:35:44
20260604_233255,358,/Drive2/Coding_Skills/Learning/Golang/prometheus,1619,290,144,2026-06-04T23:35:45
20260604_233255,359,/Drive2/Coding_Skills/Learning/Golang/prometheus,1619,291,144,2026-06-04T23:35:45
20260604_233255,360,/Drive2/Coding_Skills/Learning/Golang/prometheus,1619,295,140,2026-06-04T23:35:46
20260604_233255,361,/Drive2/Coding_Skills/Learning/Golang/prometheus,1619,273,151,2026-06-04T23:35:46
20260604_233255,362,/Drive2/Coding_Skills/Learning/Golang/prometheus,1619,293,147,2026-06-04T23:35:47
20260604_233255,363,/Drive2/Coding_Skills/Learning/Golang/prometheus,1619,271,145,2026-06-04T23:35:47
20260604_233255,364,/Drive2/Coding_Skills/Learning/Golang/prometheus,1619,285,145,2026-06-04T23:35:48
20260604_233255,365,/Drive2/Coding_Skills/Learning/Golang/prometheus,1619,270,146,2026-06-04T23:35:48
20260604_233255,366,/Drive2/Coding_Skills/Learning/Golang/prometheus,1619,274,143,2026-06-04T23:35:48
20260604_233255,367,/Drive2/Coding_Skills/Learning/Golang/prometheus,1619,275,154,2026-06-04T23:35:49
20260604_233255,368,/Drive2/Coding_Skills/Learning/Golang/prometheus,1619,273,154,2026-06-04T23:35:49
20260604_233255,369,/Drive2/Coding_Skills/Learning/Golang/prometheus,1619,274,152,2026-06-04T23:35:50
20260604_233255,370,/Drive2/Coding_Skills/Learning/Golang/prometheus,1619,276,146,2026-06-04T23:35:50
20260604_233255,371,/Drive2/Coding_Skills/Learning/Golang/prometheus,1619,275,139,2026-06-04T23:35:51
20260604_233255,372,/Drive2/Coding_Skills/Learning/Golang/prometheus,1619,285,156,2026-06-04T23:35:51
20260604_233255,373,/Drive2/Coding_Skills/Learning/Golang/prometheus,1619,270,144,2026-06-04T23:35:52
20260604_233255,374,/Drive2/Coding_Skills/Learning/Golang/prometheus,1619,271,147,2026-06-04T23:35:52
20260604_233255,375,/Drive2/Coding_Skills/Learning/Golang/prometheus,1619,277,146,2026-06-04T23:35:53
20260604_233255,376,/Drive2/Coding_Skills/Learning/Golang/prometheus,1619,296,144,2026-06-04T23:35:53
20260604_233255,377,/Drive2/Coding_Skills/Learning/Golang/prometheus,1619,274,149,2026-06-04T23:35:53
20260604_233255,378,/Drive2/Coding_Skills/Learning/Golang/prometheus,1619,275,143,2026-06-04T23:35:54
20260604_233255,379,/Drive2/Coding_Skills/Learning/Golang/prometheus,1619,289,146,2026-06-04T23:35:54
20260604_233255,380,/Drive2/Coding_Skills/Learning/Golang/prometheus,1619,289,149,2026-06-04T23:35:55
20260604_233255,381,/Drive2/Coding_Skills/Learning/Golang/prometheus,1619,274,143,2026-06-04T23:35:55
20260604_233255,382,/Drive2/Coding_Skills/Learning/Golang/prometheus,1619,271,147,2026-06-04T23:35:56
20260604_233255,383,/Drive2/Coding_Skills/Learning/Golang/prometheus,1619,285,148,2026-06-04T23:35:56
20260604_233255,384,/Drive2/Coding_Skills/Learning/Golang/prometheus,1619,274,150,2026-06-04T23:35:57
20260604_233255,385,/Drive2/Coding_Skills/Learning/Golang/prometheus,1619,290,143,2026-06-04T23:35:57
20260604_233255,386,/Drive2/Coding_Skills/Learning/Golang/prometheus,1619,287,144,2026-06-04T23:35:58
20260604_233255,387,/Drive2/Coding_Skills/Learning/Golang/prometheus,1619,292,153,2026-06-04T23:35:58
20260604_233255,388,/Drive2/Coding_Skills/Learning/Golang/prometheus,1619,292,141,2026-06-04T23:35:59
20260604_233255,389,/Drive2/Coding_Skills/Learning/Golang/prometheus,1619,279,155,2026-06-04T23:35:59
20260604_233255,390,/Drive2/Coding_Skills/Learning/Golang/prometheus,1619,283,146,2026-06-04T23:35:59
20260604_233255,391,/Drive2/Coding_Skills/Learning/Golang/prometheus,1619,290,153,2026-06-04T23:36:00
20260604_233255,392,/Drive2/Coding_Skills/Learning/Golang/prometheus,1619,276,144,2026-06-04T23:36:00
20260604_233255,393,/Drive2/Coding_Skills/Learning/Golang/prometheus,1619,275,146,2026-06-04T23:36:01
20260604_233255,394,/Drive2/Coding_Skills/Learning/Golang/prometheus,1619,288,144,2026-06-04T23:36:01
20260604_233255,395,/Drive2/Coding_Skills/Learning/Golang/prometheus,1619,268,153,2026-06-04T23:36:02
20260604_233255,396,/Drive2/Coding_Skills/Learning/Golang/prometheus,1619,273,145,2026-06-04T23:36:02
20260604_233255,397,/Drive2/Coding_Skills/Learning/Golang/prometheus,1619,287,145,2026-06-04T23:36:03
20260604_233255,398,/Drive2/Coding_Skills/Learning/Golang/prometheus,1619,272,147,2026-06-04T23:36:03
20260604_233255,399,/Drive2/Coding_Skills/Learning/Golang/prometheus,1619,269,142,2026-06-04T23:36:04
20260604_233255,400,/Drive2/Coding_Skills/Learning/Golang/prometheus,1619,289,151,2026-06-04T23:36:04
20260604_233255,401,/Drive2/Coding_Skills/Learning/Golang/prometheus,1619,272,147,2026-06-04T23:36:04
20260604_233255,402,/Drive2/Coding_Skills/Learning/Golang/prometheus,1619,272,153,2026-06-04T23:36:05
20260604_233255,403,/Drive2/Coding_Skills/Learning/Golang/prometheus,1619,279,148,2026-06-04T23:36:05
20260604_233255,404,/Drive2/Coding_Skills/Learning/Golang/prometheus,1619,268,142,2026-06-04T23:36:06
20260604_233255,405,/Drive2/Coding_Skills/Learning/Golang/prometheus,1619,271,142,2026-06-04T23:36:06
20260604_233255,406,/Drive2/Coding_Skills/Learning/Golang/prometheus,1619,291,155,2026-06-04T23:36:07
20260604_233255,407,/Drive2/Coding_Skills/Learning/Golang/prometheus,1619,298,151,2026-06-04T23:36:07
20260604_233255,408,/Drive2/Coding_Skills/Learning/Golang/prometheus,1619,268,141,2026-06-04T23:36:08
20260604_233255,409,/Drive2/Coding_Skills/Learning/Golang/prometheus,1619,295,147,2026-06-04T23:36:08
20260604_233255,410,/Drive2/Coding_Skills/Learning/Golang/prometheus,1619,293,153,2026-06-04T23:36:09
20260604_233255,411,/Drive2/Coding_Skills/Learning/Golang/prometheus,1619,291,141,2026-06-04T23:36:09
20260604_233255,412,/Drive2/Coding_Skills/Learning/Golang/prometheus,1619,274,144,2026-06-04T23:36:10
20260604_233255,413,/Drive2/Coding_Skills/Learning/Golang/prometheus,1619,279,160,2026-06-04T23:36:10
20260604_233255,414,/Drive2/Coding_Skills/Learning/Golang/prometheus,1619,273,143,2026-06-04T23:36:10
20260604_233255,415,/Drive2/Coding_Skills/Learning/Golang/prometheus,1619,278,153,2026-06-04T23:36:11
20260604_233255,416,/Drive2/Coding_Skills/Learning/Golang/prometheus,1619,278,146,2026-06-04T23:36:11
20260604_233255,417,/Drive2/Coding_Skills/Learning/Golang/prometheus,1619,273,142,2026-06-04T23:36:12
20260604_233255,418,/Drive2/Coding_Skills/Learning/Golang/prometheus,1619,286,150,2026-06-04T23:36:12
20260604_233255,419,/Drive2/Coding_Skills/Learning/Golang/prometheus,1619,276,143,2026-06-04T23:36:13
20260604_233255,420,/Drive2/Coding_Skills/Learning/Golang/prometheus,1619,286,146,2026-06-04T23:36:13
20260604_233255,421,/Drive2/Coding_Skills/Learning/Golang/prometheus,1619,296,144,2026-06-04T23:36:14
20260604_233255,422,/Drive2/Coding_Skills/Learning/Golang/prometheus,1619,290,150,2026-06-04T23:36:14
20260604_233255,423,/Drive2/Coding_Skills/Learning/Golang/prometheus,1619,293,148,2026-06-04T23:36:15
20260604_233255,424,/Drive2/Coding_Skills/Learning/Golang/prometheus,1619,296,143,2026-06-04T23:36:15
20260604_233255,425,/Drive2/Coding_Skills/Learning/Golang/prometheus,1619,292,141,2026-06-04T23:36:16
20260604_233255,426,/Drive2/Coding_Skills/Learning/Golang/prometheus,1619,291,137,2026-06-04T23:36:16
20260604_233255,427,/Drive2/Coding_Skills/Learning/Golang/prometheus,1619,271,153,2026-06-04T23:36:16
20260604_233255,428,/Drive2/Coding_Skills/Learning/Golang/prometheus,1619,296,158,2026-06-04T23:36:17
20260604_233255,429,/Drive2/Coding_Skills/Learning/Golang/prometheus,1619,269,152,2026-06-04T23:36:17
20260604_233255,430,/Drive2/Coding_Skills/Learning/Golang/prometheus,1619,273,151,2026-06-04T23:36:18
20260604_233255,431,/Drive2/Coding_Skills/Learning/Golang/prometheus,1619,284,143,2026-06-04T23:36:18
20260604_233255,432,/Drive2/Coding_Skills/Learning/Golang/prometheus,1619,286,146,2026-06-04T23:36:19
20260604_233255,433,/Drive2/Coding_Skills/Learning/Golang/prometheus,1619,287,138,2026-06-04T23:36:19
20260604_233255,434,/Drive2/Coding_Skills/Learning/Golang/prometheus,1619,287,151,2026-06-04T23:36:20
20260604_233255,435,/Drive2/Coding_Skills/Learning/Golang/prometheus,1619,296,147,2026-06-04T23:36:20
20260604_233255,436,/Drive2/Coding_Skills/Learning/Golang/prometheus,1619,280,140,2026-06-04T23:36:21
20260604_233255,437,/Drive2/Coding_Skills/Learning/Golang/prometheus,1619,289,145,2026-06-04T23:36:21
20260604_233255,438,/Drive2/Coding_Skills/Learning/Golang/prometheus,1619,270,151,2026-06-04T23:36:22
20260604_233255,439,/Drive2/Coding_Skills/Learning/Golang/prometheus,1619,283,152,2026-06-04T23:36:22
20260604_233255,440,/Drive2/Coding_Skills/Learning/Golang/prometheus,1619,273,140,2026-06-04T23:36:22
20260604_233255,441,/Drive2/Coding_Skills/Learning/Golang/prometheus,1619,290,149,2026-06-04T23:36:23
20260604_233255,442,/Drive2/Coding_Skills/Learning/Golang/prometheus,1619,294,148,2026-06-04T23:36:23
20260604_233255,443,/Drive2/Coding_Skills/Learning/Golang/prometheus,1619,290,148,2026-06-04T23:36:24
20260604_233255,444,/Drive2/Coding_Skills/Learning/Golang/prometheus,1619,282,148,2026-06-04T23:36:24
20260604_233255,445,/Drive2/Coding_Skills/Learning/Golang/prometheus,1619,273,141,2026-06-04T23:36:25
20260604_233255,446,/Drive2/Coding_Skills/Learning/Golang/prometheus,1619,278,144,2026-06-04T23:36:25
20260604_233255,447,/Drive2/Coding_Skills/Learning/Golang/prometheus,1619,289,139,2026-06-04T23:36:26
20260604_233255,448,/Drive2/Coding_Skills/Learning/Golang/prometheus,1619,288,152,2026-06-04T23:36:26
20260604_233255,449,/Drive2/Coding_Skills/Learning/Golang/prometheus,1619,267,146,2026-06-04T23:36:27
20260604_233255,450,/Drive2/Coding_Skills/Learning/Golang/prometheus,1619,273,147,2026-06-04T23:36:27
20260604_233255,451,/Drive2/Coding_Skills/Learning/Golang/prometheus,1619,273,150,2026-06-04T23:36:27
20260604_233255,452,/Drive2/Coding_Skills/Learning/Golang/prometheus,1619,292,151,2026-06-04T23:36:28
20260604_233255,453,/Drive2/Coding_Skills/Learning/Golang/prometheus,1619,277,140,2026-06-04T23:36:28
20260604_233255,454,/Drive2/Coding_Skills/Learning/Golang/prometheus,1619,292,147,2026-06-04T23:36:29
20260604_233255,455,/Drive2/Coding_Skills/Learning/Golang/prometheus,1619,273,144,2026-06-04T23:36:29
20260604_233255,456,/Drive2/Coding_Skills/Learning/Golang/prometheus,1619,288,144,2026-06-04T23:36:30
20260604_233255,457,/Drive2/Coding_Skills/Learning/Golang/prometheus,1619,290,145,2026-06-04T23:36:30
20260604_233255,458,/Drive2/Coding_Skills/Learning/Golang/prometheus,1619,293,144,2026-06-04T23:36:31
20260604_233255,459,/Drive2/Coding_Skills/Learning/Golang/prometheus,1619,291,145,2026-06-04T23:36:31
20260604_233255,460,/Drive2/Coding_Skills/Learning/Golang/prometheus,1619,292,151,2026-06-04T23:36:32
20260604_233255,461,/Drive2/Coding_Skills/Learning/Golang/prometheus,1619,292,145,2026-06-04T23:36:32
20260604_233255,462,/Drive2/Coding_Skills/Learning/Golang/prometheus,1619,279,153,2026-06-04T23:36:33
20260604_233255,463,/Drive2/Coding_Skills/Learning/Golang/prometheus,1619,292,150,2026-06-04T23:36:33
20260604_233255,464,/Drive2/Coding_Skills/Learning/Golang/prometheus,1619,294,151,2026-06-04T23:36:33
20260604_233255,465,/Drive2/Coding_Skills/Learning/Golang/prometheus,1619,296,150,2026-06-04T23:36:34
20260604_233255,466,/Drive2/Coding_Skills/Learning/Golang/prometheus,1619,274,151,2026-06-04T23:36:34
20260604_233255,467,/Drive2/Coding_Skills/Learning/Golang/prometheus,1619,276,154,2026-06-04T23:36:35
20260604_233255,468,/Drive2/Coding_Skills/Learning/Golang/prometheus,1619,296,147,2026-06-04T23:36:35
20260604_233255,469,/Drive2/Coding_Skills/Learning/Golang/prometheus,1619,289,142,2026-06-04T23:36:36
20260604_233255,470,/Drive2/Coding_Skills/Learning/Golang/prometheus,1619,274,147,2026-06-04T23:36:36
20260604_233255,471,/Drive2/Coding_Skills/Learning/Golang/prometheus,1619,295,149,2026-06-04T23:36:37
20260604_233255,472,/Drive2/Coding_Skills/Learning/Golang/prometheus,1619,287,141,2026-06-04T23:36:37
20260604_233255,473,/Drive2/Coding_Skills/Learning/Golang/prometheus,1619,289,146,2026-06-04T23:36:38
20260604_233255,474,/Drive2/Coding_Skills/Learning/Golang/prometheus,1619,296,141,2026-06-04T23:36:38
20260604_233255,475,/Drive2/Coding_Skills/Learning/Golang/prometheus,1619,278,144,2026-06-04T23:36:39
20260604_233255,476,/Drive2/Coding_Skills/Learning/Golang/prometheus,1619,289,145,2026-06-04T23:36:39
20260604_233255,477,/Drive2/Coding_Skills/Learning/Golang/prometheus,1619,272,154,2026-06-04T23:36:40
20260604_233255,478,/Drive2/Coding_Skills/Learning/Golang/prometheus,1619,289,152,2026-06-04T23:36:40
20260604_233255,479,/Drive2/Coding_Skills/Learning/Golang/prometheus,1619,271,145,2026-06-04T23:36:40
20260604_233255,480,/Drive2/Coding_Skills/Learning/Golang/prometheus,1619,275,146,2026-06-04T23:36:41
20260604_233255,481,/Drive2/Coding_Skills/Learning/Golang/prometheus,1619,272,143,2026-06-04T23:36:41
20260604_233255,482,/Drive2/Coding_Skills/Learning/Golang/prometheus,1619,290,150,2026-06-04T23:36:42
20260604_233255,483,/Drive2/Coding_Skills/Learning/Golang/prometheus,1619,274,147,2026-06-04T23:36:42
20260604_233255,484,/Drive2/Coding_Skills/Learning/Golang/prometheus,1619,285,148,2026-06-04T23:36:43
20260604_233255,485,/Drive2/Coding_Skills/Learning/Golang/prometheus,1619,297,145,2026-06-04T23:36:43
20260604_233255,486,/Drive2/Coding_Skills/Learning/Golang/prometheus,1619,269,138,2026-06-04T23:36:44
20260604_233255,487,/Drive2/Coding_Skills/Learning/Golang/prometheus,1619,277,154,2026-06-04T23:36:44
20260604_233255,488,/Drive2/Coding_Skills/Learning/Golang/prometheus,1619,297,145,2026-06-04T23:36:45
20260604_233255,489,/Drive2/Coding_Skills/Learning/Golang/prometheus,1619,288,146,2026-06-04T23:36:45
20260604_233255,490,/Drive2/Coding_Skills/Learning/Golang/prometheus,1619,271,138,2026-06-04T23:36:45
20260604_233255,491,/Drive2/Coding_Skills/Learning/Golang/prometheus,1619,295,145,2026-06-04T23:36:46
20260604_233255,492,/Drive2/Coding_Skills/Learning/Golang/prometheus,1619,271,152,2026-06-04T23:36:46
20260604_233255,493,/Drive2/Coding_Skills/Learning/Golang/prometheus,1619,270,146,2026-06-04T23:36:47
20260604_233255,494,/Drive2/Coding_Skills/Learning/Golang/prometheus,1619,295,144,2026-06-04T23:36:47
20260604_233255,495,/Drive2/Coding_Skills/Learning/Golang/prometheus,1619,269,149,2026-06-04T23:36:48
20260604_233255,496,/Drive2/Coding_Skills/Learning/Golang/prometheus,1619,286,144,2026-06-04T23:36:48
20260604_233255,497,/Drive2/Coding_Skills/Learning/Golang/prometheus,1619,269,144,2026-06-04T23:36:49
20260604_233255,498,/Drive2/Coding_Skills/Learning/Golang/prometheus,1619,289,157,2026-06-04T23:36:49
20260604_233255,499,/Drive2/Coding_Skills/Learning/Golang/prometheus,1619,291,148,2026-06-04T23:36:50
20260604_233255,500,/Drive2/Coding_Skills/Learning/Golang/prometheus,1619,277,147,2026-06-04T23:36:50
